machine_id,machine_type,age_days,operating_hours,temperature,vibration,pressure,days_since_last_service,failure
1051,B,1469,9,89.25936581479115,0.7304062805619032,26.525170043503177,233,1
1092,C,582,9,88.08224077825541,0.8644337898791414,29.86086227685363,195,1
1014,A,1423,23,69.7172102659802,0.17946477102828112,32.73570837530239,12,0
1071,C,745,18,85.14104931279712,0.2568804008091503,25.708223229402883,177,1
1060,B,1317,10,77.11640977508648,0.5086166016048771,32.83113382447975,177,0
1020,A,1893,21,92.25907770352374,0.4486898038894252,31.505118020817807,217,1
1082,A,1743,4,73.76271663732827,0.8792824811545565,25.00400147249487,11,1
1086,B,1913,12,71.43528362631669,0.5439568646848922,31.09898367499051,118,0
1074,B,1371,8,68.86203123157124,0.7785090507451915,31.828242933279522,164,0
1074,B,1137,2,76.89287894235555,0.09017522270927997,26.869994369306006,39,0
1087,C,1371,22,79.66725467592104,0.6628338966664704,27.263581750668955,53,0
1099,C,140,13,79.85962282927271,0.3568966361483358,24.95790034534405,218,0
1023,A,280,21,78.49172540311856,0.3536914860760685,27.75500515438053,206,0
1002,B,412,16,81.71037012679807,0.4503283947175752,29.939589947814262,312,0
1021,A,36,2,72.77458164085601,0.21508327205378158,27.277389206528397,360,0
1052,A,488,11,66.27484684408128,0.5885571050643705,22.575560508780562,56,0
1001,A,1137,10,65.40172003086352,0.538142993343359,26.557059876816865,118,0
1087,A,237,15,84.75051095303468,0.553238449637454,27.91353946593999,253,0
1029,B,929,17,79.7032231052829,0.6774062044265812,34.08419354816126,286,0
1037,A,1443,8,56.44162229049676,0.8029564092388308,32.973824573884656,268,1
1001,B,1367,18,85.96753426799941,0.42725779018249055,34.18110539437501,291,0
1063,B,51,23,93.80435146402655,0.5954701279472947,26.30490551500516,333,1
1059,C,439,9,67.84083149241468,0.5585976416669959,30.707753895396717,180,0
1020,B,924,8,78.3616004627604,0.5755229012657879,17.884767504992332,358,0
1032,C,544,14,70.2654190636764,0.5785195328931967,32.144601990904945,235,0
1075,B,1180,18,81.28306925471166,0.8181006689129677,33.054488369503986,343,0
1057,B,838,22,63.33991110924775,0.40806462630214124,28.24187416069538,196,0
1021,B,1753,20,74.2855434290122,0.19485281935926357,31.47714905860891,308,0
1088,C,903,20,84.8131412799878,0.36042524627682254,22.425378623149737,80,0
1048,C,43,21,87.3571173929884,0.6514533867070811,25.99466504800088,135,1
1090,A,1000,12,79.26495818919689,0.5046659017294354,33.827246192161375,22,0
1058,C,1007,19,71.6095469679026,0.4064801319010008,32.55626639269787,331,0
1041,C,1043,14,59.07398915656391,0.2847005463180716,27.94072744477616,225,0
1091,C,1065,17,67.42450288760719,0.5442572243461066,34.05681158702355,58,0
1059,C,116,21,70.3072659524522,0.6289012550547618,30.691490583999556,93,0
1079,A,1577,3,68.02266216698386,0.5611744110192056,27.478895180389202,192,0
1014,C,938,23,75.59552968313615,0.44933393376901076,29.08586344698353,103,0
1061,B,1590,7,71.58112263828716,0.5293282568594925,27.722911543442322,7,0
1061,B,1354,17,76.72121372335442,0.528168593311483,24.08112024590736,128,0
1046,C,1296,12,87.02627301047664,0.5379393862435324,36.28342902951051,55,0
1061,C,151,9,70.93537778770639,0.263139009796176,27.159877833537045,231,1
1050,B,1200,15,61.17133022745775,0.5394652701229756,25.838196428515445,362,0
1054,B,1620,18,67.98292401875125,0.4118807063067611,22.353258397433205,62,0
1063,A,779,21,80.83588469973272,0.7081237212019518,16.820160662054366,240,0
1002,B,1409,13,81.77943784952673,0.5265837283500548,33.507484340594935,90,0
1050,B,714,21,79.06085197016235,0.6670958443645785,33.96804343518106,232,0
1006,C,1957,8,88.00737305888016,0.4396437225900495,35.96519292297354,233,1
1020,B,1786,14,73.13636930123015,0.4468572324777083,29.254803419149088,354,0
1072,A,1684,8,95.52166148009324,0.7988502492512664,28.390037363532024,333,1
1038,B,338,14,83.18187136105907,0.5872670376831016,27.461384433484294,292,0
1017,C,724,7,49.76512529792123,0.3570970935188522,27.917211850808986,345,0
1003,C,317,23,93.00658629963567,0.679394887724095,35.59895175370094,152,0
1088,B,336,12,67.33013389864279,0.39333905331442587,29.86742375635521,145,0
1059,C,1865,11,64.6589881054307,0.5451396275623046,31.890353980007013,130,0
1013,A,1647,22,80.23771109832894,0.867334926171881,27.789965840197983,141,0
1008,A,943,22,57.618195276634566,0.21374352247238915,36.60423953110354,93,0
1089,B,1776,11,68.04530768678387,0.46484361564669274,20.476305602826304,114,0
1052,B,691,22,90.57098540624207,0.5816543281804061,23.89737912640977,284,1
1001,B,578,13,80.56217578997503,0.6529396669329348,31.89855262117279,143,0
1083,C,1405,18,83.1223978093922,0.25175321852782545,38.75305375615468,223,1
1091,A,341,2,68.43089399502526,0.1928419462849964,28.874499001206146,232,0
1059,A,902,21,59.616300010318966,0.7181498703980852,25.78814597136328,33,1
1070,C,1112,15,82.06817429313735,0.35591702863923247,35.00331352579172,276,1
1043,A,1696,20,84.3025615624195,0.347543498400537,31.6184922100745,170,0
1007,B,953,18,83.84993386081109,0.8100499345544334,36.45106905997122,140,0
1046,B,1767,15,77.09069230117865,0.5139404629463645,23.548244576278293,357,0
1034,B,784,19,65.3293175652793,0.5152476455363149,36.05834243005463,201,1
1077,A,64,23,99.3776958805973,0.46404011096969355,22.257712716158643,23,0
1080,B,474,12,79.79787442984176,0.255203586651366,28.559139269225664,224,1
1035,C,122,13,73.26113358410832,0.6351393898788776,32.06391376411963,270,0
1049,C,1260,22,73.30550762516633,0.5818901043851247,30.93006689099547,347,0
1003,A,382,11,76.49597478073554,0.5337382650678866,35.30296167991183,153,0
1001,C,932,5,85.6960826215798,0.4767353921447484,20.866699914953884,333,0
1005,C,1385,1,76.89628123305452,0.44153607013234264,30.705037398495183,85,0
1053,A,1870,3,83.58513153447497,0.682496677909483,35.99821016391974,109,0
1003,B,891,22,76.51397687893207,0.471741387358781,30.296471135360484,31,0
1053,B,1778,19,73.87646108529619,0.4871877922932222,24.288301601166488,229,0
1092,B,188,23,81.41250393328389,0.6059786309767548,35.03753697413326,240,0
1062,A,986,7,81.03286033673797,0.5415921861360773,26.758448649281522,363,1
1017,C,53,12,73.30365880904844,0.8284552115080877,25.87838493968561,310,0
1089,B,433,15,67.50793042285741,0.14772664450533912,25.249321235582464,141,0
1043,B,834,5,78.41728914740435,0.5599814876734526,29.00657443525519,156,0
1033,A,545,15,75.78348668962593,0.3588788439055662,30.915301101864355,299,1
1073,B,761,8,69.45128287229242,0.3115826930490141,23.6544997264846,345,1
1061,A,1417,10,66.57599517463203,0.40858715879113044,24.681770616350278,99,0
1099,C,1435,16,79.10475843894456,0.5109358816963523,26.52758562068891,47,0
1013,A,561,8,80.50095057027694,0.519813815184682,25.225056760566797,327,1
1094,A,985,1,71.39967885345139,0.19653875686430133,30.18379113274715,67,0
1047,A,181,12,69.20062964087074,0.3917832340644361,31.806107982004402,62,0
1014,A,1615,5,66.6974481096281,0.5562443102952919,31.119369051332963,109,0
1071,C,1742,3,78.82254939144919,0.3246139098432691,31.126659443739012,167,1
1077,C,976,1,66.96022926359264,0.27704321905669693,38.35495857644305,37,0
1086,B,637,4,97.4113456902073,0.048773538501411084,32.118417998135776,119,0
1061,C,1670,8,70.89718564029003,0.36736131032492825,33.919821239446236,86,1
1039,C,449,3,50.74785722127399,0.2700741602098372,27.926921251115136,52,0
1084,B,1303,10,74.69828333370864,0.3032134233779884,34.72003071330746,91,0
1079,C,1170,2,74.26966520181197,0.44563593934406937,27.68823738103339,289,0
1081,A,895,11,86.11718567524188,0.38003422469142045,32.05724163794295,337,1
1052,A,1565,10,77.88126236727705,0.2667524212281388,23.143165659088087,298,1
1023,B,1793,21,66.66164816560197,0.07683168695335457,30.831170659940607,204,1
1025,B,607,14,72.13608126503223,0.5604622610295286,25.123098824153313,238,0
1088,B,364,7,78.27419771650987,0.6505654427616946,34.68017827241954,155,0
1059,A,1471,2,53.35285749689589,0.4206510042011253,34.37938230999392,240,0
1040,C,961,9,88.3862173439045,0.4468448607091446,27.666863062204534,136,0
1028,A,1827,16,66.68830114195336,0.5005621031372246,40.2478746431227,362,0
1014,B,324,13,89.17043820947617,0.8157567153224503,28.570608519032625,64,1
1044,C,1991,9,78.92465141126588,0.18645844123484578,21.939905496637365,123,1
1064,C,784,20,81.29594136393975,0.4171020548254861,26.1044101481866,254,0
1088,A,1424,4,86.49423436001273,0.15560540717345606,24.779294888210746,114,0
1070,B,215,22,80.73132052692499,0.5724636917471118,31.89801050893127,20,0
1008,A,1299,10,81.72886216317451,0.47120832124239775,23.82318486663774,16,0
1087,C,666,22,73.35583559538618,0.5405984225872155,27.303929920968773,145,0
1000,A,1321,12,78.72168681472095,0.5306245125182153,31.57276085268385,208,0
1007,A,1696,17,69.12502185028256,0.6981416507407032,30.693229473559015,19,0
1087,B,1290,14,71.56588900412032,0.6076265929136931,29.936780938291104,166,0
1062,B,559,14,94.64695047968908,0.6661015915320175,30.630002595220336,38,0
1010,C,1605,2,66.91806414949578,0.28689306202061116,28.147499512461728,181,0
1080,A,50,21,76.5431712663628,0.7386341729950289,21.981239721668345,349,1
1007,A,940,20,76.13469036715476,0.35552745210220005,28.015808896276774,105,0
1034,A,1790,11,71.892455282192,0.3670260914752038,32.34374892157643,100,1
1034,C,896,16,80.14400936570438,0.554168515470599,29.31532505695298,90,0
1032,C,823,19,80.89722092741383,0.5603836526098552,31.957441865652505,300,0
1004,B,1573,23,65.74180816852422,0.28562863955350426,27.066084852452573,332,0
1040,B,129,6,76.01356711546552,0.46534414164522064,34.97168039938964,79,0
1027,B,781,19,64.17632661227643,0.7976470633738952,17.21841066264333,73,0
1006,A,507,5,82.88548618317301,0.20633268769318097,30.70720256461677,176,0
1072,A,1652,4,76.76487310362626,0.7970438482025453,36.744401735606395,96,1
1071,B,1351,15,75.82329886717088,0.451660309716702,37.488492580207314,345,0
1011,A,969,4,81.59031348872404,0.03244903331296933,28.840869153787622,103,0
1033,B,555,20,72.24489709531599,0.22665365330341875,23.36900922178558,224,0
1032,C,363,10,84.14021959218205,0.3073044924529613,36.83236421171679,6,0
1047,B,31,22,65.51555127243864,0.37521413984345153,29.740674165972198,122,0
1022,C,404,3,89.11876518894528,0.4790573482749324,29.205152303650596,236,1
1061,A,322,5,69.49088817445147,-0.040696025952314474,25.535726795611346,116,0
1087,B,866,6,58.03820932304412,0.5373608784955307,23.750562595708715,163,0
1036,A,1987,21,71.71465091537269,0.28898189833502314,32.81931584462177,226,0
1098,C,1034,22,70.5803180274579,0.7781045143202117,33.3493572737933,230,1
1043,C,582,8,71.63926013849964,0.44596465585120515,31.007720008997108,182,0
1085,C,347,7,77.31648015483982,0.6885692343465459,26.179771092030784,249,0
1090,A,1555,21,85.97842360888272,0.7220697959828586,24.67500587445425,318,1
1034,A,1881,10,73.08294086102863,0.7166546486932434,22.838756723900534,210,1
1064,A,410,6,68.08382430181099,0.3867186514075029,27.197274119610135,144,0
1098,A,1676,14,63.73453187716203,0.38415996845573525,24.97073217625518,345,0
1046,C,43,4,70.31817208690956,0.45500534014233696,21.45345152354477,96,0
1077,C,533,13,56.12175160749648,0.6272474750757852,33.25672506176524,346,1
1002,B,260,20,67.74866906483639,0.39786094604916744,23.404680692575162,244,0
1000,B,1137,17,87.44053895862186,0.47614750528195043,34.91961340715367,86,0
1004,A,159,23,66.76640795421577,0.5547187632678899,31.97035855056732,184,0
1089,C,1796,7,81.28715860800305,0.3190216147904267,31.471705938091993,121,0
1013,C,867,4,62.7351791019151,0.3063783423341765,38.326545230300454,332,0
1026,C,1198,14,92.71095899310555,0.4683472237192019,23.570986829677377,92,0
1008,B,920,3,93.3760673306471,0.49483576299032833,34.36885998024398,70,0
1078,B,1910,5,80.91021556559876,0.5867770960003287,28.511787134892852,133,0
1014,C,57,16,94.91252601643521,0.6343773149903111,42.8553507831477,279,0
1089,C,95,23,78.55792974927662,0.2801874358856703,28.096027844303954,137,0
1041,C,1216,20,82.68517114149556,0.33758301361128706,27.28845831937191,314,0
1076,B,1282,4,87.61933876731534,0.3058495424873796,32.12767887428633,187,0
1050,C,290,2,76.7971845309845,0.7824894803182842,28.9554573389568,221,0
1062,C,1502,18,59.47622538414939,0.47594588195949294,26.207685188500655,46,1
1095,A,1477,19,82.88963355234398,0.5032258590490042,25.148616080320814,278,0
1051,A,489,19,70.28140405566536,0.5115548728027026,37.29102244193702,192,0
1095,B,1729,17,71.0247017904454,0.35686599725647217,24.18269184050004,8,0
1003,C,330,14,77.9789491647869,0.8128539037892062,31.115437801902498,276,1
1093,C,948,19,80.66280879717371,0.5822053309637456,35.28092069813047,179,0
1022,A,1356,22,76.50134634006218,0.5079181059555898,35.52247492721317,334,0
1014,B,316,13,81.3572953615731,0.2789487157698868,26.9917379890928,39,0
1042,A,1448,12,67.93142865939804,0.26761350166875103,28.969075996871187,293,0
1028,A,1063,6,74.57296205276717,0.43821849367884635,27.999032494928137,178,0
1035,A,1760,21,83.4908545045087,0.360001641285634,22.324906186670624,162,0
1012,A,659,4,92.72791176436716,0.2865111308906896,32.687586915100574,331,0
1031,C,299,19,96.26435588973209,0.42580839608568893,30.192518228174045,104,0
1070,C,621,16,79.32976682727731,0.45671439434482214,37.202925403009395,161,0
1058,A,1658,13,83.40009826745607,0.528357084092054,25.883974513492888,287,0
1085,B,1831,4,94.81579164815192,0.39921610572514743,35.44348279308848,123,1
1027,B,873,23,68.29163963266505,0.29847986106799373,35.79617075142102,54,0
1065,B,891,17,81.29699852712584,0.3054158228017506,30.235358434039437,34,0
1041,B,1414,23,82.68342949486146,0.7425945458452375,19.145692145831653,242,0
1044,A,1310,1,89.47861436076744,0.2496484627276515,27.437161712778547,113,1
1061,C,162,18,63.628586194637776,0.572636459658254,38.929355621520585,318,0
1056,B,1329,20,65.60594216199483,0.6039092659548791,31.485278857459548,23,0
1005,A,1829,17,75.21382211104707,0.47574490483286624,33.46699852935943,46,0
1027,B,1736,15,78.77727662321635,0.8535658116810358,29.554167091825157,312,1
1027,B,1001,11,86.22863953733807,0.6003437986055399,28.88278545068436,135,0
1043,A,542,22,80.17543775812271,0.8685806096609301,20.663277156502467,118,0
1083,C,342,13,73.48586769889717,0.36978719961702555,33.973696085276536,189,0
1029,C,605,1,79.1646144475614,0.3732109180213163,35.398406023611884,131,0
1061,A,915,17,78.01044476274451,0.605507431736003,25.24568857266656,212,1
1074,C,1337,6,92.45016429987788,0.44770687253615943,29.105724392458463,113,0
1091,A,1174,4,76.65658943568532,0.8371330849784036,28.431293613228547,44,0
1088,A,1160,20,71.16916586447437,0.5683400767261875,32.10076646993143,128,0
1061,A,1986,16,79.4960903007183,0.29108515602865687,27.278182092454525,364,0
1096,C,716,15,76.98485319338532,0.15263671829119485,34.65670461591501,158,0
1000,A,1257,15,59.29006644325328,0.4843522815313471,30.356621580622445,273,0
1026,B,194,6,74.84347938377832,0.4821753740933533,17.252884722076512,315,0
1061,C,334,15,73.99261754593995,0.5627531846616776,32.213601375963215,355,1
1076,C,1550,14,69.56128134220684,0.7421381147511805,34.98175493795392,340,1
1002,C,1685,11,85.35583287622973,0.7158226607987854,24.23969169867531,45,1
1069,C,1609,7,67.14320403388004,0.38421979353271346,32.04363467487287,108,0
1071,B,1877,9,79.55618619524539,0.24123611963911573,39.14979834877105,219,1
1026,C,185,16,73.52143000156269,0.25317577299818594,30.560331875891194,318,0
1008,C,1420,5,76.07695005646782,0.35263965893572424,35.708144321647445,315,0
1061,A,1772,20,79.11786291045867,0.42665369039219614,27.789225148817398,177,0
1036,C,1955,10,61.924256161089986,0.5610124277930334,29.910178557714218,228,0
1096,B,649,18,76.91660891734783,0.33980648062080404,28.97689356036827,191,0
1050,B,1304,3,97.88947489713206,0.5560783942226628,28.06439786826222,160,1
1043,B,986,13,59.43236654121276,0.5724080291718103,29.261389774584618,267,0
1023,B,1969,11,74.42392036284495,0.5286687765191779,21.846591095378415,358,0
1078,C,1935,17,86.2323932482382,0.27427540059746097,28.345599328083516,326,1
1058,C,363,22,78.01619247953597,0.5935653450471916,36.689032277133926,190,0
1031,B,1695,13,81.87966952116034,0.9162539257533446,25.181549715740832,175,0
1095,B,998,6,51.24333988907384,0.5491793653825809,24.669333642633447,290,0
1087,C,540,17,80.9824937462995,-0.09061502013025391,30.306061856973773,357,0
1051,B,1346,13,67.38311793766401,0.7481759144093806,30.555915716786224,145,0
1061,A,1073,19,78.09877284583146,0.35945044466012266,31.88732359526993,232,0
1057,B,311,21,74.7056526909051,0.9531425380991385,29.431307134076807,360,1
1051,B,826,19,97.78333029161632,0.5232726902731921,30.359320822291668,204,1
1011,A,1054,10,80.46695323765876,0.1630598612028349,28.245576131855003,213,0
1038,A,148,3,73.87376170737214,0.0870605020082495,23.621019223500177,40,0
1001,C,1088,14,59.90307240746446,0.8079481525351757,29.643040658446747,275,0
1002,C,227,19,76.21146901849897,0.7211809971834545,33.622984982212316,323,0
1055,A,514,5,83.23228878346822,0.945203777153338,32.57527313176167,82,1
1080,A,1810,5,74.19448108180777,0.502184897114711,21.278789365303563,181,0
1058,C,1112,20,69.94343640062559,0.4886940233240639,31.259626816545413,320,0
1001,B,866,17,69.27413336153681,0.42345624156828854,25.536152370714156,83,0
1001,A,1214,21,80.35141435455321,0.36834195174815587,36.96082002610691,303,0
1091,C,1038,10,82.59387939309157,0.42151408910843685,31.6313489146419,262,1
1053,B,720,5,88.61210115321119,0.5434926664648059,34.481419800653036,272,0
1086,A,1259,4,65.05000106789642,0.33121984261757964,30.105840722074298,200,0
1095,B,1065,6,80.25977558417617,0.16614213062520328,29.669725005512614,240,0
1096,C,519,4,73.78296045582132,0.5319753268028355,37.479224588266234,180,0
1000,A,305,7,74.0776579536672,0.32676088026131356,34.86387198312508,171,0
1018,B,722,7,79.01825854034001,-0.14788754498801382,30.58929326123774,295,0
1001,A,271,18,79.07656253624947,0.6105134781314022,29.00166786931301,177,0
1052,B,1269,3,80.28768105791573,0.2783881923765943,21.464126372345653,237,0
1043,C,1304,1,64.4252880780419,0.632357890938147,31.6228376743707,138,0
1089,C,1864,4,67.50188592833541,0.6275696213031963,29.369480153401426,327,1
1031,A,155,6,89.85868275517684,0.5567180023045666,32.76978023541138,311,0
1069,B,246,9,72.7942753251916,0.9993635680712992,34.289094207673934,129,1
1031,A,1359,22,78.06014398017896,0.47238963000552453,36.164605475236236,49,0
1067,A,1850,14,85.54666312043186,0.4428720865002823,31.68496455447202,164,0
1054,B,1238,12,79.63443072360819,0.6367344842833834,24.768197674358973,277,0
1074,B,1092,20,80.46522630972039,0.48891052757724146,19.253432245409336,293,1
1055,B,1276,4,83.94577679243757,0.7320987074788019,25.87650069821604,116,0
1016,C,1237,21,53.83336239103,0.24623881848489554,36.667442497525336,24,0
1037,A,524,12,70.10049844839466,0.24956511050713198,39.117457346497204,311,0
1023,A,456,10,79.68605796499591,0.6531618982652435,28.810496241154123,25,0
1068,C,1231,22,88.87644307057657,0.2670378121322793,22.695203728588243,127,0
1097,B,948,7,75.66095559655773,0.6218197212885429,26.7579321249858,234,0
1069,C,1481,3,66.55283538243904,0.5740005692420731,35.689029113489354,209,0
1085,C,1347,23,66.81913950389497,0.36110234279446735,27.044934132364467,93,0
1010,C,1905,14,83.83861203453074,0.5734340320466869,32.94561973833757,94,1
1015,A,180,10,72.82226417608113,0.2530815108431521,30.842791506490176,327,0
1096,C,413,16,74.92799954209663,0.3000200147472599,33.55001629518527,225,0
1072,A,1691,16,81.15030193772319,0.4525624523175868,39.09005499473519,280,1
1058,A,1866,22,45.98476317306421,0.5157855638144442,32.948907377671695,11,1
1069,A,337,10,95.00367511508081,0.43927229260242845,30.734581383189646,329,0
1079,B,1389,13,67.68926164948938,0.5866231927746222,39.6418678290446,12,0
1092,A,1999,6,77.41936369473572,0.5776932830096582,31.747760508125307,35,0
1002,A,775,12,57.95302986503729,0.805873361669629,26.035262513341998,228,1
1019,B,921,9,70.77458889594962,0.4809429305709991,33.43732644884743,220,1
1058,A,404,13,87.44688046365097,0.7389126862368257,32.237277710664856,141,1
1035,C,1061,4,55.83832820334121,0.6841451025787787,28.460488288647,23,0
1018,C,1394,11,86.26200087189142,0.9587954566586296,27.41206973766863,83,1
1089,A,158,20,72.26303903767615,0.4745483960195451,28.50870256342546,229,0
1066,B,1044,18,79.87164440220192,0.41592825570940234,27.340553212491216,344,0
1018,C,1829,11,81.5752441348511,0.7515388444487466,28.67120090643554,80,0
1019,B,698,21,79.41421499490926,0.5770865143482524,25.786016988790692,353,1
1095,B,1405,4,66.35049348369174,0.7563318433567798,31.93077344079908,290,1
1070,C,1411,18,71.35450853464977,0.6433597595979,31.556006569794096,331,0
1051,B,546,1,60.38443822749184,0.07864758172010083,31.726008886147344,159,0
1032,C,1548,7,79.9179633158808,0.5752643554062365,29.68815330281673,128,1
1039,B,115,6,92.02055154015926,0.5622431795902979,29.11168371987469,190,0
1038,C,1228,15,56.75559113323537,0.5266213804927926,37.210028988267574,31,0
1081,A,1855,18,67.38354093861965,0.4735513891753234,30.337029434189013,359,0
1000,C,1246,11,73.18224724117067,0.1815712944411344,36.31883423027738,15,0
1010,C,340,20,76.73341423713555,0.6748353834476646,25.01792008416843,313,1
1091,C,1172,15,83.79176301434427,0.5747536856186989,32.9458891710069,75,0
1056,C,1271,16,73.47800019642334,0.7203913394794849,26.32648481669992,34,1
1088,B,456,7,71.8404127355435,0.19224889514494936,27.219240358533327,359,0
1049,A,1467,21,86.0313070606974,0.6014268979090537,27.94047080036224,196,0
1022,C,143,10,81.61995567063305,0.45306813249068745,27.62700515698111,331,0
1030,B,1198,12,80.38977975701098,0.5287576019851059,27.651976717590745,29,0
1093,A,1591,14,76.12515711588114,0.45536807316382183,36.086375449452824,194,0
1041,A,1701,5,84.83152210919859,0.608721585496026,30.2270558655882,16,0
1098,A,332,21,68.43690608769734,0.46742537580168403,31.125276946048047,77,0
1006,A,773,18,67.07305717813922,0.28961701498886216,27.714200182242752,293,1
1015,C,1934,5,82.46100986869324,0.5172850837572383,34.28469651859054,81,0
1089,C,617,3,58.74964030753092,0.45716509257289994,31.775281391194596,124,0
1059,B,1016,23,75.92179509636487,0.4833212757742233,28.455356778251307,19,0
1001,B,1893,5,71.83441647737487,-0.13756229520802865,22.078580536866784,102,1
1000,B,374,17,60.94245269347044,0.6365272167137411,31.081482292009355,77,0
1047,A,843,19,65.68732420283736,0.4370672765306438,32.87839761267729,229,0
1011,A,830,19,73.91023907704651,0.23036928519634686,25.105760808383266,297,0
1068,C,1054,21,85.33963256499023,0.6845127033696284,28.52302690650419,203,1
1036,A,1200,12,68.47042008742189,0.6272731455505861,32.68580250730478,61,0
1031,A,1340,9,87.13381399904993,0.43453596074502876,22.145359714391162,26,1
1008,A,1707,1,75.63179227556516,0.26956612409599623,26.75573908295055,71,0
1098,B,1106,18,88.1038470216997,0.5356061469358745,31.884544708132008,103,1
1018,B,1357,21,68.95508391219951,0.5246212169175218,35.52509219425805,326,0
1047,C,1122,4,74.51190411894632,0.6848668565983563,40.928899061355835,363,0
1079,A,390,10,78.68483603336996,0.41125289702790196,39.79327384183545,157,0
1002,A,1655,7,73.20489537258489,0.7389844269729993,30.718847411580047,363,0
1019,C,1273,22,84.53024147145236,0.39194939933284656,27.578865592590237,359,1
1023,A,1039,23,52.92436274709734,0.2308336430915156,34.61561133885443,194,0
1053,A,733,1,99.2240553878994,0.27354344890454374,27.282035381381714,275,0
1032,B,604,17,83.57774606995162,0.4875176921728769,26.189523575271743,324,0
1023,C,1638,2,73.26468170964984,0.48689709818825355,28.473669738174497,186,0
1074,C,1214,11,69.47678326422655,0.5655722281501552,27.846633499114464,326,1
1071,C,1734,9,66.33579388551445,0.48192519377631177,32.06315311532938,113,0
1035,C,1142,7,81.45615474169738,0.6954637032128659,26.987991889328192,313,1
1037,B,717,22,84.94981668792354,0.44778118030748476,30.425610286489075,165,0
1083,B,810,17,73.37473871870101,0.10074474702571679,37.9747672570266,61,0
1098,A,614,17,86.06990412978503,0.47578066230684124,30.610703570370237,92,0
1088,A,1810,2,65.92739953238878,0.09864426244670371,37.58371144060889,286,1
1098,A,618,6,64.16189150013165,0.5542781961995396,36.01028300532975,153,0
1024,A,1212,14,93.1334120524555,0.7114385997969832,32.960201183503166,225,1
1092,B,518,6,80.91108613538543,0.30275510274349615,28.2292360503074,127,0
1017,C,1000,2,88.96848201813327,0.7837113372783702,35.20253988674552,193,1
1081,B,1377,1,66.46060291612307,0.6685662489456863,28.75012540680963,115,0
1065,A,1663,10,65.7647460823127,0.7412960310830109,29.989951724865193,262,1
1053,B,1434,21,71.41390680542457,0.5379127712869263,31.65099337082797,18,0
1034,C,1155,5,66.75941158460988,0.30144696484963585,29.97316263803259,10,0
1079,C,523,2,82.0536521022845,0.6561630855628275,26.398661407947316,92,0
1060,B,1697,22,67.48873943073555,0.375079818646332,22.364505425085653,139,0
1040,B,1667,16,63.283301419327096,0.523576901220671,34.79566465162739,333,0
1099,B,48,2,76.42015412255232,0.4657298014392763,32.851710634031804,357,0
1032,A,1507,10,62.10013824174787,0.7249391713593791,21.39694503751829,340,1
1067,B,1535,2,57.0053606852461,0.6460654011846658,26.266063252315718,52,0
1032,B,1647,16,76.33257233861278,0.4838868403375258,30.895327146366924,195,0
1013,B,426,16,57.5077995698979,0.1096785612919694,32.21286176780284,206,1
1020,C,1030,19,82.75279396295423,0.37295450669415975,22.407731705164544,287,0
1047,C,1332,7,61.04666273747204,0.6408444578968834,29.55380666728789,93,0
1019,A,880,22,52.59326213580252,0.5560220522093169,32.69827297626982,309,0
1007,A,1418,12,72.06203349859206,0.19935561311742767,28.2424409905036,145,0
1006,C,1384,15,76.44594503296484,0.13868240550622213,31.279148242171967,86,0
1066,C,1694,8,79.9147506368194,0.5391018300314914,27.562240589777616,153,0
1016,C,1397,6,76.72015699015853,0.2885885664568448,34.54598175849761,2,0
1032,B,851,10,64.40687378882258,0.30784070783248463,26.003571430668643,342,0
1047,B,484,3,82.13061180926604,0.6345215457565307,24.2896088045281,260,0
1075,C,1654,19,84.60138506479746,0.7404477560831348,30.144634320307752,164,1
1058,B,754,17,62.94237871544461,0.3498595945927403,22.832370138557522,6,0
1085,B,1708,7,73.18993861340387,0.4910479384775653,19.47444405968605,149,0
1021,A,1118,21,72.2555997289098,0.4851506668031279,35.418676490270066,205,0
1029,C,1129,20,77.20381582788033,0.46715917906069665,25.078877592195905,118,0
1037,C,740,4,72.9507620822589,0.5081196952312598,23.331742087080936,89,0
1050,B,172,14,74.32122227927023,0.6512997855680313,25.94120611525196,154,0
1053,C,946,20,81.4181553024169,0.3652151306540809,25.716746842946023,167,0
1007,A,1968,22,63.86146900398867,0.1949444930967867,29.28944269418228,161,1
1026,A,857,15,82.37373135260825,0.8380019867207521,24.532566331570166,270,0
1026,A,634,8,86.4113273153125,0.7178843848980101,32.490930711280775,56,0
1097,C,1526,21,91.34134993488868,0.2792724257501204,33.231170655788574,228,0
1020,C,1470,15,53.56632675862641,0.5271264017551907,23.625042746922325,337,1
1029,C,334,22,73.17098342884782,0.7021404329172221,26.90951688525806,149,0
1096,C,765,20,55.34899425646411,0.6498087889052079,27.38471379980707,46,0
1027,C,1550,14,50.649363102271764,0.592402661985857,29.174963193168292,144,0
1063,A,320,9,76.44093047607478,0.46595462168165125,35.413417584918406,238,0
1096,B,1993,8,71.00848207149639,0.8454607850123916,35.70156707501304,272,0
1068,A,131,17,77.99850951770746,0.544171774491892,42.494336930828936,120,0
1060,C,1320,2,79.86127690087315,0.39700814813586194,18.65313035422911,340,0
1047,A,896,3,87.47895958107921,0.6742151457691191,25.378521384241857,220,1
1018,C,997,8,75.5392042530578,0.5192117283902841,39.07004590537492,8,0
1003,C,1675,12,104.23355617319088,0.5699595454507245,20.996498411115827,344,1
1034,A,1003,1,78.06409854985213,0.5406298403182415,38.95632532085353,275,0
1063,C,871,10,93.42479044567212,0.599355114753382,30.736756365716225,353,0
1048,B,991,20,51.671621994757515,0.3043087493201586,30.920663865112722,66,0
1016,C,971,3,88.49739529550625,0.20977872256599833,23.601010069402648,79,1
1043,B,1830,6,73.1923951020444,0.7868265446467169,27.744183899978516,86,0
1091,B,1056,7,55.51652740572729,0.5499169123578338,38.73688179854953,124,0
1029,C,114,20,79.2054510922812,0.6541694554817158,29.761584323793866,202,1
1092,A,1847,23,71.97044462015683,0.14804815596447474,27.777504858948973,150,0
1045,B,357,18,80.80053248448142,0.7133366217429006,32.02859598189618,46,0
1005,A,845,11,85.11076457551079,0.3957028709288465,29.038911998486714,113,0
1098,B,1503,19,60.10849883238404,0.3387563666381911,31.725755749032206,91,1
1036,C,483,5,85.14918982455157,0.48732536647360275,25.751293339200394,141,0
1023,C,1977,19,75.06479484220716,0.304403957891495,29.614236756959475,289,1
1092,B,658,11,88.52841174693273,0.4996536603548786,26.794618672796407,218,0
1045,C,1274,12,72.94851771002132,0.4727323305971027,20.98016679652661,77,0
1052,B,1207,10,70.29591107468579,0.7120791810467766,32.40978893623843,334,0
1094,C,694,8,75.27054040688951,0.802668900427894,23.83113579222222,152,0
1098,A,41,9,76.01860706379853,0.7963031585683167,29.17629534947949,323,1
1059,C,1186,4,68.37215198508265,0.04709700412077672,34.63034122913955,239,0
1096,A,333,5,70.03695269044717,0.31296663403134295,22.510932717297848,115,0
1062,C,1346,21,62.73124465486211,0.04502264723552751,33.02342048474801,319,0
1084,A,1004,8,70.65354910209805,0.2612915451129938,28.500932715156686,94,0
1031,C,1353,23,81.76310059997579,0.37009635781923367,25.16738299536468,48,0
1086,A,1793,9,73.62645826093856,0.5821123230453887,40.11461644443034,191,0
1032,B,812,15,85.09065296047328,0.39601335310149194,29.997218521225825,12,0
1066,B,72,15,73.14570532346926,0.40158598581027083,27.159535552116296,156,0
1017,A,973,16,60.68482002276686,0.5363529366399526,26.09893538816799,172,0
1024,C,372,14,80.97274887556583,0.1581380709584378,34.40581234218348,296,1
1094,A,1379,8,68.26376858966597,0.33228136940722725,26.93971886768294,177,0
1053,C,1867,18,72.66632711236466,0.39928867483652547,33.782590492705125,341,0
1057,B,527,10,87.37572047484117,0.4595196022737312,29.987600844384197,57,1
1066,C,393,20,63.39129540278486,0.515390798045109,35.58094032216924,343,1
1045,B,920,6,76.64743787464386,0.8001299579466084,24.78730276258558,340,0
1023,C,456,12,74.59481649964208,0.6816672322162189,25.484683804519978,203,0
1031,C,1034,2,82.00925715437103,0.346137995101613,28.594973429849656,185,0
1046,C,50,7,83.55153365482023,0.44773418810970644,29.00966751237612,121,0
1085,A,436,16,77.63839004248892,0.4341121725815753,28.227214856514948,226,0
1022,A,648,3,71.396253534196,0.3971694966958513,43.157202027132584,202,0
1065,B,1044,13,79.7337250402596,0.554503165164182,40.31623502175954,330,0
1026,B,365,3,88.35655897144562,0.12804408940581835,31.495275374105216,363,1
1001,A,1868,18,74.72710060360299,0.6761428776012968,32.08486037025229,356,0
1089,B,1170,11,72.32743885576973,0.8387101581430711,28.817839099602097,216,1
1016,A,1177,8,78.8817025766799,0.44603189186563663,24.750872332409344,43,0
1032,C,428,6,75.38727020369612,0.44212711497643425,29.08963879722374,23,0
1008,B,822,1,61.62290576082201,0.5314088494417343,33.85558875731027,155,0
1042,B,1857,1,77.39330800397481,0.7038771953920421,36.52813380784004,186,1
1047,A,744,23,61.53237591236236,0.43514125663655157,34.97854210261353,249,0
1038,B,80,8,78.74480646408446,0.6867890332203473,22.451128534228943,237,0
1092,B,1836,5,67.02857275593433,0.5976989344906486,28.553861609231433,293,1
1041,C,353,16,75.36874804186346,0.9723222888009381,22.655662175670038,134,1
1025,B,818,11,78.90593906199237,0.4342675969675408,35.84421778701359,321,0
1098,C,170,5,99.53903345943571,0.10479991045583326,27.938078025998337,22,1
1049,A,499,4,82.42749961786924,0.21341217586289718,29.764449421844834,361,0
1024,B,816,6,88.64798809742335,0.5023856474800314,32.40025134002501,88,0
1023,C,1855,14,93.71747818693925,0.7055764188041503,43.83069959905949,153,1
1012,A,1387,22,79.89255916999444,0.3694981719158552,31.341374698947632,125,0
1059,B,1946,19,77.856898002672,0.453813510024934,28.80864481096874,79,0
1006,A,993,9,64.33278891173784,0.6369685474663151,23.7947893939818,346,1
1056,B,1037,12,73.83370067599606,0.30695347982430843,37.293197242515525,51,0
1035,A,402,11,67.76912270364137,0.3777461201610364,29.091817678514623,216,0
1044,A,1617,14,70.98941149875614,0.2664546624779478,38.285712324638496,176,0
1019,C,523,23,93.70663376192468,0.7356456185765123,35.52806556474361,358,1
1064,A,1592,16,76.14621509199989,0.8083345623592735,27.685219486957642,253,1
1007,B,1722,1,66.24100422283891,0.18411700210138793,23.038619095720478,246,1
1015,B,780,13,88.74533454691304,0.47156290020235536,31.362845586018032,227,1
1013,C,1209,23,84.55275476237449,0.781451795012989,26.92548235614199,106,1
1075,B,320,21,85.07653492600397,0.5797390367244476,30.19672921228153,193,0
1086,B,1701,21,54.93869796897606,0.40215215340018107,35.24524803427169,316,1
1014,B,1197,13,94.48670957721485,0.19076757607782024,21.732089421875834,302,1
1091,A,135,2,69.41485257906113,0.7305889103645729,31.32306922034107,36,1
1097,A,1473,4,82.77954772792755,0.5721030429888995,33.79798095442868,204,1
1065,B,699,6,100.23799790617032,0.20540272245164887,34.04055280878032,267,0
1031,C,1711,23,96.55332748190617,0.7379782107749981,23.182289144062885,268,1
1086,A,31,5,65.22437874527313,0.17991928764842602,32.09668234886982,170,0
1062,C,1998,3,60.55482662997727,0.4559027691665177,36.01768290953346,39,0
1085,B,618,1,89.30346598847927,0.4470770593255742,31.716168992000377,139,0
1050,B,673,4,76.42055811594,0.8236762657695671,29.421528969457317,292,0
1024,A,119,20,69.9911855869792,0.44779076162396947,35.69806470286722,52,0
1057,B,1398,2,81.21218546939048,0.447071462739855,26.52840594780585,287,0
1062,A,379,5,73.37120422540559,0.22738433102046124,22.35083545898365,289,0
1061,B,1512,3,82.01324137048744,0.37192046418827884,28.997010925345343,141,1
1021,B,1316,9,75.66981807818733,0.33654090782387147,32.675225958519995,146,0
1057,A,1404,20,82.22387928328166,0.34695552679906144,35.194683807182166,314,0
1057,A,1161,6,66.05467310863611,0.5012569049783746,32.65251287083966,184,0
1085,A,1639,18,89.24462013132634,0.013164722831481512,34.179105343624286,152,0
1048,B,1092,6,81.97623370732438,0.19795395091662044,35.226557150519795,201,0
1051,B,938,19,81.46297369403572,0.4777962252785691,28.303114968509448,128,0
1041,C,188,12,63.82330072988006,0.5242509366207864,29.26030349046205,287,0
1069,A,1636,11,91.99632416644246,0.4533134402712209,36.435838965749376,311,1
1014,B,988,2,74.86283900633732,0.4918411020430078,23.94921487884656,253,0
1053,B,341,15,82.28048862429841,0.4181766772689497,32.145664307611476,266,0
1059,A,1294,12,71.77175536253391,0.4962990793540675,26.416455855414895,188,0
1096,C,1991,12,77.60889064682097,0.5868284440524432,35.50130801615485,230,1
1007,A,474,9,77.97127352119404,0.5854267457375322,29.910322597124303,271,0
1052,C,327,21,46.80069067996579,0.36220831770830086,30.03796967689062,259,0
1059,B,981,2,80.82448124654832,0.68301894791659,38.644399436983434,299,0
1004,C,65,22,94.65341461722085,0.5314217389006639,24.61978610275677,198,0
1067,B,1137,3,80.39780258991956,0.7464427912679539,31.079097366093016,323,0
1005,A,1505,12,65.42291751110261,0.7865744862534163,29.099369344510894,56,0
1095,A,1939,16,81.49961566153887,0.21145465572535077,32.66205658021516,319,0
1093,A,1828,21,85.59480530173339,0.3281944922262582,39.64665393344473,203,1
1046,C,1875,1,80.12466516190386,0.66270960799411,26.973792450374088,271,0
1098,B,1438,21,74.25872893569957,0.1670215159742105,24.013011438229775,109,0
1054,A,1225,3,72.57850774176069,0.7840353925386747,25.953362871589967,116,0
1039,A,1429,20,72.53690244633194,0.43122356103746745,28.835909588895404,92,0
1051,B,1738,2,81.97776901011213,0.6150066070218037,30.321154168516635,138,0
1015,A,1415,9,60.92876004940372,0.4767218674278447,30.572643978932913,303,0
1012,B,588,19,71.28126839144593,0.2215220944432626,39.01330475587717,57,0
1029,B,920,15,90.95609823010949,0.7111089204263951,38.12419522327421,50,1
1018,B,170,18,91.34195266577176,1.050144606107466,36.5147324453348,71,0
1016,B,916,11,60.21852912198338,0.39699834472886164,42.57219318308671,82,0
1062,B,1971,23,63.68586388736391,0.4355282898309515,34.120492283313155,105,0
1018,C,1171,16,72.29379420472063,-0.029819908653411886,35.5417754175632,88,0
1091,A,1330,22,83.92589517114352,0.7703005806912242,34.02385260946883,2,0
1057,C,755,17,56.725256459470096,0.6823530645684006,33.20452656896893,360,0
1054,A,1273,5,74.45191365082522,0.15332322758901712,31.971982620914208,84,0
1089,C,1958,12,70.25820843420355,0.0870229075906227,28.015714775423397,43,0
1089,B,1079,11,88.25964674285234,0.11015374336694694,23.766108760810678,154,0
1061,A,550,15,58.230915260307455,0.6290338250745636,29.346730155189434,327,0
1022,A,1836,3,75.92540615493623,0.6489982839228164,32.828868498360315,94,0
1008,C,39,1,71.06390562651406,0.31533321112624235,30.36130950486995,298,0
1011,C,1013,20,89.69798926277288,0.5998520062765597,24.673321529403722,133,1
1000,A,407,16,80.9765264635325,0.5317754241982304,29.17058475008311,65,0
1057,C,1686,2,69.14184340742266,0.4265460586291563,28.90998595708431,290,1
1000,C,1690,2,83.53386443329083,0.69403936533706,29.6882267901561,257,0
1033,C,711,3,71.11171146691426,0.25901287975439224,32.45457674463329,213,0
1095,B,613,8,84.99329711239754,0.729507842718779,33.53129018455151,148,1
1047,B,181,15,72.62923009114422,0.35429568919712945,27.499742745127236,61,0
1088,C,749,7,85.54666578768763,0.856307336393409,34.90560594006257,149,0
1000,C,1102,6,79.3608195512725,0.2989387953037067,35.65819059834156,88,0
1015,B,1207,9,107.60491080691423,0.4296855842799746,31.601509665242727,324,0
1060,B,888,20,74.47103994583996,0.5117174275084706,33.32375135976534,278,0
1063,A,1346,1,78.82862291621448,0.5104637095644966,34.921157212309744,82,0
1062,A,1633,8,70.20575258284069,0.5981657001236191,24.51177675210264,129,1
1068,B,79,23,75.02685340754779,0.24286351635066455,35.27365667490898,286,1
1021,C,693,23,47.98164865850559,0.492537518350673,26.049695637010235,353,0
1092,C,560,3,79.65584016541032,0.5276263412805442,26.536491816858106,280,0
1066,C,1665,4,88.42874212949411,0.39445235519437466,30.981445839073807,270,1
1075,C,1113,15,78.96630004599355,0.5808117234918835,19.279799371626652,292,0
1025,A,1220,6,61.86138542022623,0.2307260173024438,30.878101541128803,203,0
1015,B,1255,15,66.98212847290999,0.4347092221898633,34.908904734779014,24,0
1050,C,886,21,50.698078728437295,0.3493631751192668,21.770380767769915,351,0
1085,A,175,3,84.78924006865424,0.4353138140901962,35.44504662273226,311,0
1056,C,944,21,64.9348670729042,0.7894070919842406,26.506061907362724,208,1
1028,B,1729,21,74.71291409787771,0.7932911452314801,31.034308902464005,280,1
1077,A,1022,14,73.4626242767278,0.7540832921162441,27.23212746497269,205,0
1091,B,1492,20,89.87727035658267,0.4075485439838297,32.86459242064523,152,0
1068,B,271,14,75.85281317965739,0.6815236553600414,35.12473778081882,26,0
1046,A,610,4,83.0889292010601,0.5224724253851608,33.235051821912485,194,0
1093,A,716,12,80.46463764147663,0.5091179407006017,29.9800942525315,336,0
1061,A,1614,17,88.594114199614,0.48452773047616615,27.620723317032873,238,1
1068,A,512,7,72.60876305497041,0.8516835714758251,29.653489853144436,321,1
1075,A,1161,9,93.69615330504517,0.7731677211112928,33.27985732479821,75,1
1015,A,1279,3,55.14337843600685,0.6489792836894195,33.45133199586459,163,0
1089,A,702,13,83.57473498001235,0.4659398068978747,32.754132910880614,299,0
1089,C,660,15,66.33380391335868,0.5079121516509124,23.587112292214776,29,0
1047,B,690,18,70.07250447220048,0.6061133209075469,29.88488770782295,165,0
1084,A,691,19,80.69414266901035,0.3956782176291955,26.832855179014242,337,0
1038,C,1485,1,80.61402049847743,0.6876631431929008,33.324645099529135,186,0
1099,C,834,6,81.06428013690072,0.3157509777114187,26.175141233107016,54,0
1032,C,1708,23,61.138420558947615,0.578368737599481,32.26026879042112,295,1
1093,B,448,2,89.49030231279241,0.042056890041474004,28.58906119592735,42,1
1022,A,1017,14,65.99352881772325,0.389876294679574,20.604519083671292,285,1
1009,C,1508,6,67.32712909774801,0.9155354265838886,34.65479642943999,138,1
1068,B,1213,14,81.37896738166829,0.7072382988783822,29.873563890680213,187,0
1099,B,1576,4,72.1327882523876,0.8070936899869048,36.37988647882846,204,0
1033,B,679,21,78.08260840562492,0.3665384665291236,21.673454606611813,42,0
1051,C,998,8,53.433993033672124,0.5207545673600872,28.54239344541252,350,0
1094,A,619,3,77.84324449519231,0.7563984506188609,28.917977895200675,288,1
1009,C,1130,19,77.17831879512215,0.6266189869410754,31.351031456191556,26,0
1018,C,538,14,69.90141462235717,0.6017131754716639,23.374063479215003,56,0
1057,A,470,20,54.259240402352106,0.8261163940660126,32.7201892838689,253,1
1095,A,1307,17,72.87191738518395,0.2919090068772143,39.558312031405165,122,0
1000,A,950,8,74.62626140201387,0.46315239211089937,32.37268673232766,106,0
1068,B,799,14,71.32771009669504,0.14918288746612912,30.46436200911756,130,0
1003,A,1373,6,56.63825535567502,0.2809787896128797,23.112712964873133,337,1
1015,C,1856,23,90.94734007316916,0.7148370784357942,26.128769432214874,158,1
1023,A,292,22,68.61138472055627,0.3165301467615753,29.720775495886137,231,0
1079,C,1650,16,72.77795337077099,0.6471048508250195,27.351117645785855,308,1
1001,B,1711,19,50.905256787817095,0.8316970083936162,35.13128213135492,91,0
1091,C,1888,14,90.94855348698208,0.46441236500161226,32.66851600484319,22,0
1031,C,1607,19,70.33450068265944,0.6039726879599625,43.461892938234854,290,0
1090,A,1427,3,75.98462817074203,0.648662425908584,25.09570781787854,110,0
1083,A,666,10,86.20737444816652,0.2557009873866869,30.165573056958664,49,0
1023,C,1220,19,68.23695795283373,0.3767095309397906,23.082538137328545,129,0
1011,A,1990,9,84.63244987386544,0.2992677576656395,18.887796127048375,73,0
1049,B,1806,20,54.386745440588584,0.3926553779833943,33.613604897265766,340,0
1034,B,488,13,80.50986657571313,0.6432221396162199,32.48307691483678,53,0
1032,A,1028,7,90.72242166519652,0.3809606538115417,25.72704782677105,356,0
1032,B,1333,14,69.1958315278197,0.4929693546136366,30.465148097967116,168,0
1060,A,729,9,86.18881620298399,0.2915076766137529,26.85366200537228,45,0
1050,C,331,23,93.33922652193783,0.7452844329067404,27.52896272578362,105,0
1042,C,1584,19,72.4515816194598,0.3909780019553326,28.39857693616863,150,0
1011,B,1633,15,71.62471714150139,0.8045961103819909,25.51717411297861,146,1
1066,A,1271,20,66.01706254167696,0.512185818769872,26.416750450900217,204,0
1064,A,1155,14,69.90269844814867,0.21860008440738415,26.55782278027873,362,0
1032,B,583,6,66.8464010972738,0.4657946506908751,32.11439423376665,299,0
1039,C,317,21,66.00888901572773,0.2874446345067671,16.12889912007593,167,0
1073,B,1220,4,86.98835296711357,0.6178698754756305,28.861853692575988,201,1
1042,C,650,8,67.1007397471174,0.44772744353462673,24.561590617311634,134,0
1043,A,1035,17,77.58521914719623,0.5326420510054708,24.742236568873597,211,1
1028,C,65,9,75.38233435216237,0.42612937799068745,27.371733129581376,48,0
1012,B,773,1,89.98094562571123,0.3889315392273349,29.92830145013421,126,0
1011,A,1794,20,69.96843767944986,0.30527559807687454,28.92794069146653,239,1
1094,B,382,14,78.81148046654322,0.6672445873643059,24.679697451008977,7,0
1045,B,1729,11,82.9106970227611,0.4653693796400604,33.60848259222789,272,1
1001,C,1952,21,89.89749607320582,0.43706182126032317,25.486980065697548,37,1
1034,B,102,3,69.82246654954733,0.46035722031156795,26.326468720369412,211,0
1086,C,677,9,68.8210753126762,0.3642276413028451,31.422458929472583,165,0
1080,A,1406,14,64.38218946039947,0.43772971464479493,31.60184282146371,125,0
1089,C,1944,9,97.3629962084824,0.5411259629386975,26.94150169433511,337,0
1007,A,1123,4,88.84472438180387,0.293172600188647,15.319189849504218,192,0
1092,C,454,4,74.57798605687957,0.32212960138415847,25.572545567060757,218,0
1025,B,1028,8,94.31439151127057,0.7756568187245347,30.80944093120128,214,1
1073,C,737,2,73.98136605634343,0.4274486934400888,33.44304026845015,62,0
1089,C,1834,9,82.2441047143353,0.38968783821519803,29.603516712357766,328,0
1033,A,590,14,75.10171901722721,0.23122567888814488,27.605069764621923,161,0
1006,B,857,22,78.97805451750472,0.6701355274948478,41.46605502849662,66,0
1067,C,1695,9,77.91761442533547,0.2888148372978313,28.137569392473228,286,0
1057,B,985,23,70.7501462662335,0.49694146780770837,33.06116343395553,239,0
1074,C,546,16,85.92498538085353,0.15836298613668187,23.32473952286552,20,1
1028,C,457,17,82.15952417683901,0.6636345600728233,24.549160753955164,188,0
1035,B,1592,16,85.27694593501478,0.7353712487237162,33.23662805731112,82,0
1088,C,189,12,78.20227185499346,0.5969040690956031,35.222806378926855,363,0
1020,B,178,3,65.93430118222867,0.1931039737189406,28.05141554903298,202,0
1035,C,805,11,92.09386066557703,0.6677524287818462,20.756821541847398,132,1
1009,A,1283,14,72.37443766432574,0.33453020007192946,29.162213302993873,37,0
1072,B,1765,18,78.64067028568415,0.26580562425567755,30.94702950389781,132,0
1023,C,1615,21,81.35381358822269,0.4233077908484693,30.494090194644123,77,1
1063,C,96,21,78.57421716217618,0.4193264653307021,27.183051675194974,89,0
1098,A,1043,5,84.15417021230274,0.3989902697639421,29.235579403695308,253,0
1048,B,1865,16,85.73377922316499,0.7547348495809388,26.25111577857947,344,1
1098,C,410,20,72.75166496952752,0.9023651992885253,24.4408088813157,194,1
1035,A,87,5,91.25467341955647,0.22617269253010708,33.77834260323402,176,0
1081,C,1312,3,72.33096445838734,0.3622335211350819,30.488991567013553,33,0
1095,B,371,12,78.36749048880789,0.5285496672089913,29.246582206888352,58,0
1023,C,1891,1,71.12321816395769,0.4222567018125545,27.464261286139195,201,0
1022,C,1183,21,68.26526477349209,0.5798797498557032,29.099132217324602,28,0
1061,C,756,9,85.44191088790865,0.6831970711891591,30.801582143934983,35,0
1095,C,1225,9,106.21896897426045,0.6498731884540082,38.64340787907153,125,0
1036,A,799,4,71.38240111679683,0.6219467135699664,33.27268424913572,321,0
1011,A,643,3,87.15321574678079,0.8318191041839447,26.66845439025457,42,1
1054,B,1262,17,71.74088687299806,0.18221054341677806,26.721181286471545,85,0
1012,A,1856,2,74.89515023143996,0.796021758390923,25.94159449837702,188,0
1022,A,383,1,92.57583772231672,0.41740167318205124,28.997397343735127,111,0
1088,B,1524,8,64.26464714924694,0.6570250441351254,25.93774274879558,271,1
1098,A,1851,13,61.61840931376877,0.2940667543441113,32.374118724948126,325,0
1029,A,145,23,74.12801351236851,0.3183007216213445,16.782418721009734,105,0
1016,B,1317,15,81.63656027937674,0.6324234582964054,32.67584154637372,320,0
1061,B,691,8,79.63666571680882,0.11425399545003084,31.376887439027154,41,0
1083,B,1865,12,78.60679175692997,0.6978884156576626,36.313712415738195,215,0
1088,C,1495,22,75.34131981511578,0.7519927004683176,34.383947772769766,71,0
1085,C,1601,12,82.8654002698392,0.535556970765792,26.581511073729732,56,0
1012,B,482,14,45.863275579550276,0.5283522071157114,33.82149040469253,236,1
1058,B,1898,15,67.49194694912259,0.33327277101830954,29.159662613928496,281,0
1018,B,1530,15,74.06387590716552,0.6348898804807337,20.32846621277865,105,0
1048,C,316,9,82.0453479910251,0.5695330492814852,30.79415969864446,162,0
1099,C,1356,19,89.89765140068566,0.3156989207952354,26.878732897146527,191,0
1011,A,1046,20,66.14900291832859,0.42170400998236157,30.001107581985,9,0
1060,A,340,22,89.57078625536568,0.4681329150608393,38.257249151376215,60,0
1018,B,237,8,70.47438330798637,0.4214395606961626,31.123934513660792,305,0
1075,C,647,21,73.70090217019313,0.227417717330005,24.91332574405002,225,0
1008,C,475,19,80.81432518797614,0.6398040617167791,34.82207502808102,307,0
1070,C,699,6,72.96763920693228,0.45129790881962106,31.812712850682193,188,0
1027,B,662,20,86.10117606666317,0.5030729551786619,24.32419085484046,70,0
1077,A,84,19,70.95395854886857,0.3843466825205147,21.96881116262672,293,0
1094,B,941,4,71.10465008719666,0.595054294794398,25.113312203906396,287,1
1051,A,1065,23,85.51979954209332,0.5397392368762807,34.18150900335861,169,0
1082,A,686,7,67.36875611732341,0.7425568778260837,28.49198933178477,62,0
1015,B,1453,4,77.4892909531666,0.5961197425877969,30.405712594777054,349,1
1068,A,1961,22,58.395173323061755,0.4594631196325778,23.30735164611916,14,1
1098,A,1701,12,93.1963935206119,0.35205663649948793,34.31609489508712,164,1
1011,C,1009,13,87.06551936236775,0.6731905367833291,19.924081678211316,245,1
1024,A,544,3,102.50107199580755,0.44348478024270843,26.723112419661575,335,1
1051,B,1709,22,88.38363731446385,0.4656564866807559,32.09231929556897,8,1
1084,B,1595,12,63.70349770399518,0.4656056787414651,24.386842774803274,154,1
1099,A,266,2,81.68649860160592,0.4196784578685741,33.07064639725221,36,0
1052,C,1332,2,65.81991237778196,0.4690922011540261,25.654030107241987,48,0
1022,C,377,23,90.78037507053098,0.8852415125465156,23.869647035918465,85,1
1015,A,656,9,63.98859712022428,0.29043558917446155,36.43241032322237,28,0
1056,A,1157,1,63.508451157602025,0.33709915784767797,30.769650965495025,196,0
1038,B,659,8,58.90188546303313,0.77686488363085,32.59518039024813,208,1
1052,A,1570,23,70.11620178736999,0.4250391231009857,35.09104792276349,204,1
1041,C,1925,6,68.10522175216428,0.40987574318502096,16.90350525249535,307,1
1057,A,1301,6,62.383508941607346,0.7069727713546867,33.1739131998516,104,0
1038,B,393,22,94.89809104243524,0.21596087654364976,26.194874077528265,230,0
1013,B,350,18,80.29880696386645,0.6642908858506811,26.85363604613043,101,0
1094,B,1686,17,79.12234539856712,0.5091232858643088,32.18720538832793,29,0
1004,B,315,12,90.89164419247926,0.5929604261663954,28.184796132952737,127,0
1034,B,178,6,77.56257792042935,0.5892061910504252,32.972605377282605,338,0
1086,A,1137,8,67.5131979849486,0.37440348270347246,29.79578516241959,10,0
1092,A,435,19,57.99790257482343,0.7102367560299813,30.841045073420286,106,1
1074,A,1007,10,66.94942607656597,0.38997245770438616,27.548892039923555,167,0
1017,A,485,1,90.05415600508462,0.5817698037997483,24.67533355420931,257,0
1075,B,1796,13,62.4466388431384,0.7475448971058273,26.298412146262475,295,1
1008,C,829,17,78.53127237997877,0.775780339969294,29.485879347600278,277,1
1073,A,1214,3,85.33925143085558,0.4465747328118615,39.186191963872695,65,1
1057,C,1042,8,77.85344840443251,0.5926270548482021,37.35953199556771,271,0
1016,A,813,14,78.98983328790584,0.4281022419592761,26.733520110703026,188,0
1006,A,489,3,81.55603912873426,1.0007592454537548,30.301288386662375,317,0
1045,C,1603,16,78.7928087182265,0.6560252011747637,28.561385130269763,138,0
1012,B,1553,13,91.09074172473282,0.5168116871673871,30.65133309434512,343,0
1039,A,767,20,64.5970827177239,0.5625124346915485,31.29456373771388,105,0
1041,A,538,17,77.40424876838786,0.5814210830892135,32.637575078778006,34,0
1008,A,1707,13,56.81759566002852,0.5873487081566964,15.494306090912957,110,0
1049,C,1857,6,54.26253812813463,0.4520003564706886,31.8324933294347,33,0
1026,B,510,17,74.18328969148016,0.42113454015296503,28.005394853916766,354,0
1065,C,1716,14,80.43379568944756,0.46962932765470133,26.47531042884198,231,0
1004,C,143,17,91.30667777237565,0.27206165899055845,33.97128339081035,317,0
1028,B,778,8,99.19791733010463,0.643654881394892,37.33412208202384,266,1
1036,C,1631,11,88.1986067066548,0.33965899147020545,33.44501572020704,182,1
1037,B,390,20,82.27165744398029,0.2880099842030567,27.40724196394453,340,0
1082,A,370,1,76.59964855773815,0.49712910668717025,24.61997174930545,65,0
1007,B,799,7,59.68771936816623,0.4739754740620227,14.968777859451599,333,0
1064,A,790,21,73.53963394258201,0.5499268951577977,30.912579982906777,1,0
1085,C,998,21,87.90376751258226,0.3863589261207181,32.89508053897218,133,1
1016,C,478,17,83.9828185602804,0.4214914883538053,29.490682449509848,80,0
1070,A,1896,10,62.13665853317052,0.6384239010176982,34.66873104418996,271,0
1088,C,864,11,81.14025647258481,0.6262434400990388,23.39904882083754,241,0
1044,B,1233,22,80.28392811867721,0.6179050092353356,29.143805217724758,28,0
1003,A,1755,9,78.49890120114738,0.5067935224702965,28.74849520206055,223,0
1035,C,1460,9,74.72144444622666,0.533784524666455,29.44945657871967,23,0
1069,A,1719,5,81.65583966944193,0.5460877775421007,35.83965831476954,109,0
1030,B,1249,17,81.97313038912398,0.3687916520382047,29.475788879506187,107,0
1018,B,1519,9,68.58541234568595,0.7948093200292202,28.52603774613735,145,0
1060,C,340,17,79.55014061382096,0.7663176064975399,25.316532600947344,354,0
1053,B,291,21,73.10604859252786,0.6588491182001934,36.6428973571073,139,0
1038,A,1472,19,60.12766132253757,0.41482768271968046,22.844018887106863,284,0
1090,B,435,7,69.38392964961837,0.6078288235900301,27.235002835762938,298,0
1073,A,1992,23,59.36310314654575,0.6956739875539544,38.46968533548747,99,0
1089,A,172,9,84.80093535070105,0.25536061965577134,32.341216490357674,317,0
1018,B,371,7,78.5588937755432,0.8389023523396995,29.89911674149365,123,0
1038,C,1369,13,71.44509388794054,0.15212247776884097,30.10846027763142,320,0
1066,B,1154,11,89.20521343288648,0.6409211639418151,25.268110063210912,287,0
1044,A,273,14,75.67990907581166,0.7906564612504938,29.657363775712376,81,0
1012,A,519,19,60.68777244033126,0.4773873071945938,28.250670805021034,10,0
1091,B,41,11,70.6052145981619,0.4699071200353853,30.89814299727502,8,0
1057,C,1292,13,91.32854187273293,0.6335321585293847,22.468793071868458,205,0
1019,C,590,14,68.30524374910857,0.8703763783867744,31.989260038846595,315,0
1091,A,71,13,77.7522128875783,0.44378647241172675,35.083148374431545,197,0
1071,A,707,1,82.43876624514638,0.34380896162681107,28.98088437439713,198,0
1060,C,623,8,80.89948484554942,0.41524490887840154,33.23549196652904,30,0
1038,B,1482,12,99.494597989581,0.1894972015427559,31.551731374222886,20,0
1000,A,1856,19,63.23696743076731,0.6795515797430312,26.96129929916972,48,0
1002,A,1211,12,64.23536919467197,0.3971833894572281,24.707371567714425,130,0
1076,C,1269,8,63.40245552897867,0.4583321691868889,25.408057556396706,293,1
1091,B,1723,8,72.04081578983116,0.6819242262838012,31.464462845773575,132,0
1061,C,1515,21,85.99377388182451,0.4246179351180302,29.719274340073977,356,1
1062,B,163,13,64.68265420203488,0.6518180790776794,36.37546510940849,54,0
1024,B,1120,12,86.13360505943939,0.29238229923674264,33.95435056101947,281,1
1055,B,1901,16,75.35126669927737,0.6917438856647996,33.94392491563651,265,0
1032,A,1060,1,63.910033067890765,0.5683810042530941,31.31540400856111,215,0
1037,C,977,13,57.486300434321436,0.48228419383606635,25.189005253391677,290,0
1005,C,1579,7,59.72429506190674,0.5261786975887591,31.62669647987496,43,1
1057,B,102,5,68.34146591766076,0.2426477410694527,30.319265825141112,74,0
1043,A,428,8,73.3084882425668,0.521600148789394,24.30809305722126,350,0
1044,A,1458,14,88.46062976730451,0.47166604292867925,36.04974629279356,278,1
1031,C,1728,23,82.9908821218824,0.24811347791248728,35.511446874645756,326,1
1044,A,607,13,66.61058747919698,0.3657849146186912,24.2792542779147,242,0
1060,A,888,15,79.08665283372169,0.4741509484094964,26.811025474417356,130,0
1046,B,159,23,91.51546269192241,0.37854156301043174,27.250248902797615,350,0
1020,A,960,17,93.73917421030035,0.0175772189899166,33.04925771899808,194,0
1079,B,1519,15,71.85593988446404,0.7152775079217732,32.47362590226998,32,1
1084,C,1259,20,84.58288429705001,0.4715820249820669,30.22203606393178,106,0
1074,A,1841,18,88.89955366887824,0.045209958152690966,31.369286401995627,204,0
1035,C,1821,18,59.92928076821613,0.926992587935879,23.561839017772332,1,1
1098,C,295,2,69.87592912840303,0.7482784662626378,31.906806406792263,245,0
1018,A,1590,4,97.20018734423263,0.43020358978633294,29.495573122269647,72,0
1019,A,822,1,71.98963889879096,0.3315005017266598,26.60478408720705,306,0
1056,C,282,4,45.71048635298902,0.5806382421521044,22.337468630348404,15,0
1017,A,851,18,73.79038189613277,0.5404653629768282,30.13480578093176,53,0
1046,B,1342,5,86.24625499115862,0.6084179849600747,31.78479948108905,8,0
1048,B,193,19,75.06510436800896,0.3320759453489903,21.487590991467062,330,1
1013,A,124,15,82.15363946800633,0.7195544041943266,30.09243035328215,46,0
1014,C,1835,8,84.38221997655732,0.40530757536489015,30.611198759242477,325,1
1030,A,862,20,71.45062548567718,0.6361531497311135,27.2288522842617,114,0
1000,A,1163,17,69.80607013585625,0.3406121479085952,31.899191011975873,147,0
1053,C,365,1,76.53440975954271,1.0296287971506972,29.3366879186134,166,1
1002,C,851,12,76.7777892292988,0.6391046697930517,31.415855026681818,139,0
1015,B,267,19,75.54076819846972,1.0768464553147292,32.67123466437528,117,0
1086,C,410,15,75.95156522682464,0.6655203952652093,32.67403453075262,299,0
1056,B,1489,9,67.51453865379263,0.3877071286262632,35.08410246723251,276,1
1074,C,928,7,82.50286910080948,0.6658761587178392,31.6916259439229,277,0
1011,A,512,2,80.99231947112966,0.6801155636386433,27.614796296115898,338,1
1073,B,1990,9,61.63991633364542,0.5746648288995525,26.761049776234014,313,0
1095,B,931,10,71.10837682914033,0.6260784944064113,24.683456235656887,178,0
1015,B,1078,2,75.93079872539447,0.6523454258815351,30.75589821556453,330,0
1071,A,1706,19,69.65686997723826,0.30126379784685164,36.60655857326262,354,1
1075,A,1170,11,81.37371977587793,0.2870283190540095,28.20773697006425,154,0
1023,A,511,13,74.33117461542862,0.34115660027711325,32.248041238549796,201,0
1027,A,1445,10,76.69072529455187,0.525508478874102,26.238599977424197,115,0
1007,A,946,14,70.99290692516927,0.45536576570531595,30.97402457580317,159,0
1091,B,1023,18,55.06781176589385,0.3048858868154103,36.2967356403722,42,0
1035,A,993,19,54.4965167843755,0.6550628421039294,33.43123986665971,247,0
1089,B,566,22,80.89609546692027,0.556608964027296,22.145939834304215,68,0
1007,A,1132,9,77.66912076489395,0.5337857982741708,32.85347408017772,326,0
1057,C,1633,7,79.38662206351084,0.44840213896521286,33.08112889396776,334,0
1059,B,1226,3,76.34472842062912,0.4243543795268854,30.867434866135444,196,0
1049,C,1065,20,77.14567403373515,0.3317337676382047,33.3376105635117,90,0
1027,B,1853,6,84.69023373618788,0.6867480585074676,25.832489801412308,111,1
1091,C,157,21,79.44619372401412,0.3593014236693627,30.31631577402043,359,0
1040,A,1661,2,85.40909350306113,0.5418780933385634,35.55086970469051,145,0
1099,A,121,6,76.71461841226598,0.8324020792544067,35.09974741733184,275,0
1063,A,1706,3,71.99618259480229,0.43354845106212986,32.740224870029856,179,0
1026,B,572,16,76.94202862156246,0.6921404281438389,25.585023882495584,241,0
1062,C,875,8,66.63822118512704,0.6137418032071347,24.797681146903606,326,0
1016,A,1585,2,71.20153071088092,0.5622935126522107,30.57271837221677,319,1
1072,C,1711,17,76.77571308640037,0.5860696883809505,30.9038711936292,331,1
1032,C,1018,9,76.64318331901012,0.48101868614581395,29.49814113861372,153,0
1083,A,1881,12,73.93581119997012,0.5069551937586881,25.976075109016737,104,0
1076,A,476,3,61.11815289825793,0.39037721035485506,32.18480537695197,75,0
1091,C,419,11,81.36409546420714,0.5082914242268177,30.550826743472708,128,0
1028,A,701,1,83.3422840659955,0.3829548008433006,31.44912158275237,199,0
1012,A,1914,23,91.43690495252238,0.7011310186153195,32.967168798120554,154,0
1045,A,72,13,79.41775996588731,0.16010051426431116,28.631751061609936,56,0
1034,B,283,15,75.01461834191483,0.5962106582250964,27.556208113102816,278,0
1005,C,1183,5,64.86970490389851,0.5673173402844559,35.537826616543114,345,0
1081,C,1113,21,89.92017869361055,0.5492031928352067,26.21320756734916,19,0
1068,B,692,17,77.47832976874024,0.7048997897730973,27.654129002689963,159,0
1046,C,496,23,76.93373173825456,0.44277528199141053,36.171239077137365,26,0
1024,A,316,6,72.45943801821149,0.55108676891441,27.264878744951698,169,0
1065,C,1040,21,71.82030433565139,0.1566916223627094,29.5069117817972,23,0
1009,A,1570,22,81.88266734050846,0.41693662357295536,27.94015065443486,47,0
1055,B,1520,11,64.78559377341408,0.6711472862350448,21.083892593581012,13,0
1029,A,1983,18,91.2543185915878,0.23216765289270364,29.383461739976017,217,1
1004,C,807,4,89.07526457538373,0.531948673410149,24.946891182107258,322,0
1032,C,374,3,71.4593845313291,0.36449658562324055,31.272902163217804,194,0
1064,C,671,13,66.36135434126957,0.477802605645653,35.52819255020556,144,0
1017,B,411,23,54.847940116445855,0.3764645022476806,18.929131334131725,73,0
1095,B,1832,9,62.48586127515773,0.25056087914131386,27.9654150799986,156,0
1048,C,719,21,82.29911492882874,0.5772006629919602,32.26161616482491,77,0
1010,A,1306,6,78.15341858900653,0.49008064759505077,19.083255407851112,169,0
1084,B,1980,12,79.93653565306089,0.6225258239374398,36.68132680211116,287,1
1025,C,1109,2,56.54420364675838,0.6588875815997722,31.899460184017418,85,0
1062,C,1516,3,71.04184379897336,0.745051747417803,35.41606410965951,182,1
1088,B,486,3,88.67272806282082,0.5266973490885329,27.180260684442853,315,1
1085,B,1012,12,74.03972594680647,0.7537242049206416,27.783396148619044,297,1
1058,B,112,15,62.27705265376015,0.30484509852180913,29.19531822600465,112,0
1026,A,1958,9,73.883976691571,0.6817919658456263,40.6910452377577,230,0
1048,A,1152,23,67.2898258163475,0.5918780832655707,36.59052680248533,96,0
1076,C,178,8,78.33679059945398,0.5466185305029574,30.661738497543734,168,0
1032,B,1382,11,75.20545378887715,0.5889464468326234,31.27200885825392,156,0
1097,A,1209,16,80.43296664082291,0.3078522243329076,33.17451905792466,105,0
1098,B,219,22,62.82076373234887,0.26065063801499544,41.957774104957295,193,0
1000,C,1547,4,70.51283431334902,0.8419656372153996,31.913598965285253,330,1
1020,A,912,1,85.90434341399109,0.46625556436054594,30.22979698059385,132,1
1054,A,292,7,61.45719945564518,0.4634013156386599,28.30700801692506,355,0
1005,A,1133,2,64.96887983960022,0.2795381051517416,31.174576237597204,138,0
1091,C,429,5,76.99297309992065,0.2036443389006326,27.064890908243953,331,0
1080,B,793,7,77.86729839083792,0.4823362242375436,32.48046169038437,270,0
1068,A,638,4,70.11150157257231,0.4316824156982544,22.837016851042293,38,0
1094,C,1313,5,72.2156711736115,0.5003468713484902,28.697497052968338,45,0
1004,B,1825,1,80.33225561555642,0.5174307880764349,33.67316427363668,163,0
1002,C,1668,1,83.49635001759867,0.9978922162521388,31.84561827168677,331,1
1052,B,1605,15,64.3077833471024,0.43228400385220905,27.68687689974174,253,0
1022,C,814,20,78.6431952062795,0.8159880215886894,28.83987744791681,169,0
1052,B,130,19,90.12016000005723,0.828404843008989,35.176673433461055,285,0
1036,A,1412,10,73.84107938638867,0.6507248570543969,23.947991519882894,274,0
1073,B,1433,18,64.2016084621148,0.45297473349017764,23.97703176044335,20,0
1073,C,849,3,63.73908091172784,0.22770553277345412,25.351830239112516,239,0
1082,C,1274,11,73.39262558688137,0.5955887754667814,29.946610678666783,270,1
1016,B,849,15,85.35847304867619,0.7037624159401888,23.216309663719038,310,1
1084,A,449,11,74.59244150153378,0.8495374928565969,34.76500796382991,31,0
1077,A,153,17,76.89231979905928,0.31000840915064365,25.378537705720674,314,0
1072,B,451,17,65.03658317826196,0.4512947221629465,31.121777788715647,104,0
1000,B,1284,6,84.83117632976547,0.3112270819154306,27.104634495402983,170,0
1050,C,1743,5,63.543414288346455,0.37330440151261546,29.67251459580137,186,0
1044,A,1116,8,69.95503515728367,0.6328775068471254,21.983270451706282,128,0
1076,B,1538,2,81.29914862046294,0.36413904612685283,35.00658122604978,210,0
1003,A,1681,16,54.60568501680068,0.33514576453659806,25.192510008142996,281,1
1061,B,1756,20,76.73961149685708,0.6593991727444549,24.668916394781487,253,0
1064,B,1627,12,64.60926433608219,0.5901477580087093,41.895045067010464,19,0
1031,A,797,6,75.16549398909113,0.5700022395870349,32.77153655478804,200,0
1033,B,512,1,71.47944392288063,0.36942252836018685,34.81208204141537,220,1
1091,B,548,4,96.05834825348488,0.7586046556429404,32.294456981809496,136,1
1094,C,184,17,71.06878810800093,0.5028980394639583,27.73759720006799,223,0
1071,B,121,13,93.42651372883343,0.9760380277509539,23.465750712724947,3,0
1038,B,1011,18,80.86952291183374,0.5322332338940089,28.505898062871708,236,0
1025,B,1579,5,66.98541029270271,0.033330431630567925,25.10920327737219,342,0
1033,C,484,3,78.30810925259757,0.024424893044626195,25.409424137827404,228,1
1053,A,1794,11,71.95590253662188,0.6247899883690937,22.084063355151518,142,1
1002,C,627,13,77.42157490741234,0.7600988304661611,30.57237979897748,9,0
1049,C,1698,4,67.86109012566733,0.34323437401523005,37.86706073762923,190,0
1011,A,539,14,91.90177633345958,0.9201957545554302,32.790683615132245,350,1
1064,C,1236,22,84.25398090796725,0.8325997873988207,29.47104806074144,165,1
1053,A,415,11,75.31781568161591,0.5421093526882296,29.79714063594924,139,0
1004,C,1627,10,92.29114768069533,0.6078907884712264,14.761113438032016,276,1
1093,A,1784,19,75.74279244082848,0.6789060434777033,27.88082289050312,291,0
1093,B,434,18,85.97624964861164,0.8779989794641031,22.866620523898305,53,1
1056,C,275,6,75.38300587522424,0.6364271933491162,30.67206263951138,175,0
1016,C,771,15,78.93887594810579,0.5375863304542298,28.70012005665883,110,0
1046,C,1644,21,74.1856121905722,0.6344602395173298,25.653477293962297,203,1
1022,C,690,10,75.95301353873937,0.6074720562898452,30.559483522442996,136,0
1078,B,679,5,76.70531860387999,0.6848820374549988,30.516395765034716,4,0
1084,C,1524,5,68.30268167511606,0.18599534138409268,37.59312019728214,155,0
1013,B,1879,10,70.98931333076912,0.563170689989491,33.43208750223365,172,0
1065,B,1941,5,72.83244983513828,0.5920881015159473,31.084863950184364,358,0
1074,B,1476,3,77.29711016802297,0.4854305665895656,25.262427631743037,47,0
1050,B,930,23,74.69420980496533,0.6568332888435118,24.632804404462558,94,0
1037,A,94,6,86.73032533825707,0.8842335241138082,32.99424003718304,48,1
1063,A,1066,4,83.4711831897964,0.5276434262208881,28.99965313779785,240,1
1097,C,242,18,73.03672443974628,0.638344216141538,31.246827955633037,347,0
1037,A,271,9,88.81783897451939,0.8212529520903107,34.8900026208578,213,1
1049,A,522,17,93.73020623575457,0.5323129011883712,22.43430612429095,340,0
1097,C,1266,13,54.56173705077883,0.3223073595282382,36.98517692514497,324,0
1081,C,1746,15,84.32290085066279,0.6231557698175849,34.84690893474498,139,0
1029,C,367,20,68.07015802668501,0.05966677264038478,19.727798890061777,205,0
1078,A,202,17,83.007480213233,0.040326592407464,41.76546224455488,73,0
1090,A,701,13,87.38237940646432,0.5666024094232516,31.60688159540728,4,0
1050,C,193,16,66.23007405489449,0.031005923383626732,27.60730849788523,76,0
1062,B,494,22,56.476729009842394,0.2369664515143618,32.595311118024625,329,1
1097,C,1024,4,83.35434088215865,0.42398028729793547,25.11262681530632,77,0
1051,B,526,5,76.35402482483612,0.35571673005082266,32.73064176596775,304,0
1037,B,729,5,58.31561246097372,0.47043869929057647,26.032517708323443,256,0
1096,C,424,9,100.29564505462822,0.7225740281536994,40.101797677353005,102,0
1087,C,732,17,81.24419412256552,0.5476961622727862,30.300500969532006,106,0
1078,C,1970,13,81.70100040125152,0.33213591964410816,33.24911526036412,333,0
1029,A,337,2,88.65817752562049,0.7708882145568552,26.069674501739307,39,1
1050,B,1821,13,69.19176047153498,0.2142285526911618,34.082480119466794,314,1
1080,A,212,22,76.30454112088677,0.5443767017544199,29.93709968248944,275,0
1004,A,658,21,61.80678086220237,0.19198280499765907,22.940741458390278,88,0
1028,C,1847,23,68.92051552714815,0.5504635811461078,28.80618640055876,211,1
1003,A,539,19,78.85660000469238,0.4362745192214805,39.65555534431269,77,0
1009,C,1761,3,58.347153328675475,0.7164475823052736,34.29488513021654,77,0
1055,B,575,10,68.6371045432192,0.6441378942388459,28.10512465546753,28,0
1016,C,1617,2,65.72066040062279,0.3825721336016674,20.654171194995325,245,0
1073,A,653,13,76.42092245620346,0.34421207183675173,25.837544108846842,66,0
1016,A,1817,19,80.74701261665349,0.4369806533935781,22.96762997982769,266,0
1083,C,623,17,82.42152804376457,0.875114292006868,20.77495996783251,205,1
1087,C,773,21,84.98816644778151,0.8238136962216162,33.92795565082651,58,1
1068,A,1280,14,88.72116846572371,0.3063463629262698,30.31193698190083,201,0
1033,B,1798,12,81.07245453683406,0.6600450676002696,38.97554224171971,225,0
1005,B,1786,21,93.87335898894415,0.15371371422054686,25.011790506011856,142,1
1052,C,1489,12,76.19502521264683,0.410531507788527,29.988595326204347,84,0
1065,B,1978,11,73.26678845749453,0.3144871294275082,23.02912824126543,143,0
1076,A,1475,7,81.0730736336004,0.7138558915144882,27.025633194168787,352,1
1042,C,583,4,72.8358882500741,0.24185649604231757,28.889450190337072,33,0
1074,A,50,19,93.5256472877505,0.5858700470844944,28.12673016094176,152,1
1022,A,583,1,86.30983473135211,0.5001420243131928,30.267703153077505,158,0
1054,B,426,3,82.50278144199514,0.4649102340540979,34.858047816256935,141,0
1079,C,654,13,76.3141934404135,0.8343165901488796,34.332087927272774,251,1
1094,C,134,15,70.92522828585138,0.8519394384668623,26.1533270795435,303,0
1074,B,221,2,82.0132500456776,0.47112143630940573,29.848229390681755,112,0
1015,A,46,11,63.729025481530414,0.4308167398800012,33.970481874797215,144,0
1007,A,1173,4,90.34363533441021,0.19862533623936662,35.17868253714753,209,1
1003,A,422,19,73.22363294614627,0.49914820255215797,26.694216576729236,224,1
1003,A,454,17,78.05106733240729,0.8906606511491981,33.5408222740012,43,1
1055,C,158,3,65.90398923806711,0.4742529320944153,31.655732545938505,264,0
1024,C,1183,18,82.22986263119222,0.6457518566287559,24.670054432305356,244,1
1066,B,601,8,70.46258387161672,0.22050053521614715,34.00078981292867,3,0
1095,B,1613,22,81.49228790305098,0.41304501405327965,30.757716042162343,125,0
1066,C,58,19,82.57393468977389,0.5924930611605301,21.29304696836737,268,0
1026,C,1150,5,68.5236788641146,0.5211724796096106,28.530732196443154,84,0
1092,A,1063,7,63.764708790860055,0.6649334668821123,30.199287707924864,16,0
1031,A,271,21,90.31899916544545,0.37946562308826726,26.97087760591203,334,1
1049,B,1879,8,73.07700965970918,0.1500022902352669,36.14114212749263,59,0
1060,C,261,5,77.24848816045639,0.724418046064454,36.322342453390526,177,1
1050,B,818,17,79.85464524646741,0.31277014214581833,28.087549205435774,63,0
1018,C,1337,5,62.462998701017796,0.6013208055003968,27.538872393231287,49,0
1020,A,744,4,79.62666136819888,0.5901713732976831,29.343826633153395,307,0
1004,B,788,22,75.99126536154637,0.1672493609936016,28.999597170966595,246,1
1081,B,831,19,68.56469302295609,0.7098250834480051,27.037490530990386,289,0
1091,C,805,21,63.43464015162271,0.3866865610942062,11.456016953383543,286,0
1041,A,755,2,81.0588554795727,0.5110109243973924,38.77405937799807,332,0
1060,B,229,11,86.2771200819488,0.4283634872068887,30.00208981889071,15,0
1021,A,974,22,76.78590517392803,0.8245183004465818,29.10844944035462,338,1
1020,B,108,13,60.65534658150313,0.7686980416368125,31.625845650259755,255,1
1069,A,1966,15,64.4266718282527,0.13753308324585556,29.59971125732955,92,0
1000,C,985,12,70.67876290675946,0.9517654243816378,27.848420776772752,279,0
1004,B,1908,22,90.6461974116075,0.3643386534969607,24.971770068040254,206,1
1011,B,885,21,72.53249337901124,0.9204873353963676,20.80693611752152,94,0
1089,A,1226,22,70.314310772018,0.4487580855720031,23.228105350228034,225,0
1045,A,496,11,58.26515200323885,0.43181665878161296,24.416629666449264,301,0
1033,B,610,7,68.43315209889889,0.4505344533844355,33.25461079020484,318,0
1048,C,1469,5,62.6706364600917,0.419842071004102,33.623115733821976,199,0
1077,A,969,17,64.968201690772,1.0048793075646443,25.591004477666146,271,1
1089,A,478,20,76.19950680158742,0.48472736013587314,16.68172929781303,234,1
1044,A,116,9,70.98835794388823,0.4395407134922621,30.04560359750938,46,0
1026,B,130,14,91.99494452671345,0.5154021514985888,27.892288921703408,64,0
1072,B,1061,12,85.78003372707477,0.30653296061505897,27.768687566499345,230,0
1025,B,874,6,68.91116062189661,0.8194241068580501,34.779687378821826,249,1
1046,B,1253,17,65.83182158259486,0.20578383286137375,30.69326312736426,246,0
1085,C,1558,19,88.82641935664194,0.37719827858571897,25.118101757399604,75,1
1055,C,116,19,91.60042489483483,0.6873320619693585,23.967934830204754,157,0
1093,B,72,16,53.05751756454468,0.5084704261534864,28.686943215075217,223,1
1062,C,1438,12,75.92857623971702,0.6098430365000094,25.46793618905179,190,0
1047,A,1674,12,72.48121692103273,0.8066328233370861,29.638011879861914,52,0
1060,A,1488,20,81.49120140059937,0.7007603096664959,35.13071022200983,88,0
1080,A,437,6,94.42668124161504,0.5274952690282291,23.10108794200275,313,0
1025,B,1536,23,70.15942980672202,0.9178685299703597,30.438897174044843,339,1
1035,A,693,4,54.39301485336086,0.37433277024075334,34.57524991334695,66,0
1000,C,1070,6,80.79007700149263,0.4799380718014894,29.569063320909457,150,0
1007,B,1698,11,88.89964068604202,0.4939119336994467,33.60790447558826,20,1
1098,C,177,1,71.96240218480226,0.4795156467966041,28.56363753942269,33,0
1051,A,306,23,67.94962519860339,0.28615786860776793,30.854140397118183,328,0
1078,A,261,15,70.627405946223,0.18327003496790034,32.203924661710886,281,0
1046,A,1879,11,83.50205367131235,0.5834403148758387,27.139987808684328,46,1
1055,B,1980,19,70.45539058715019,0.37330524288986855,39.953380085949995,73,0
1085,C,395,18,78.28760300342846,0.881561757796256,32.887900901659606,354,1
1013,B,1281,17,75.2780291573994,0.4854915353529521,36.51492749358461,313,0
1089,B,1704,19,74.24620387577234,0.4497021485017019,35.35511973180384,343,0
1027,A,465,21,82.01292326752232,0.7188679572805309,31.636446346417056,133,0
1086,B,428,14,70.21420100135805,0.5804385274895444,36.92894711179904,55,0
1077,B,1264,18,70.69413439817721,0.4648965144425902,30.939573555959587,61,0
1087,A,1444,19,82.97602849999754,0.37185365044711133,26.351123584128185,345,0
1001,B,528,15,65.13074675831348,1.231540360799815,30.074096157814814,8,0
1025,A,569,15,66.19779809177673,0.5723571524523478,24.969165437924342,272,1
1013,A,592,4,62.39685708656407,0.7168859154768792,19.491478359450987,246,0
1058,A,1544,7,83.49010913276553,0.29541089595330094,25.737288784704873,176,0
1055,A,471,13,73.94763031918733,0.38440292271526505,30.364407664854372,116,0
1006,B,1314,3,61.863848539209336,0.9224691776580577,35.309623927440406,317,0
1002,A,802,16,83.53808562309068,0.779386187871127,25.722403977118226,271,1
1022,A,379,9,69.44457838424564,0.5915244207466567,35.05081226763578,193,0
1017,B,1405,8,66.28321921163115,0.4236858216405953,23.946585070965615,150,0
1037,B,549,20,73.04321441123048,0.4531928456086848,25.402387669302747,131,0
1098,C,1373,13,89.78723609467892,0.3647778529487742,37.24578301698226,102,0
1014,B,167,17,71.0503780350343,0.26863013397227176,30.23810509981248,310,0
1063,B,1603,17,80.75338864115585,0.6847688368522029,29.131890273576783,270,0
1088,C,1676,17,82.27080020450954,0.6077662445584117,31.176399949539135,292,0
1027,B,1021,1,79.43273298006406,0.6472157632684546,23.96798374640977,210,0
1073,B,397,8,87.71071649674262,0.4326204024075472,28.345759357130888,361,0
1038,B,1273,19,67.92883995367721,0.5511277950266327,30.013305790632756,338,0
1056,B,1390,6,64.56665156949664,0.41359124700517313,36.15690468089716,67,0
1016,C,1276,3,64.37033343975006,0.3545383874459387,21.647914303492996,10,0
1085,B,1701,5,73.55531584700206,0.8334124872284352,38.814951576878855,49,1
1089,B,1821,13,65.5295334215947,0.5243014593681485,29.376761308374785,111,1
1043,C,389,15,76.47540911865329,0.6014908676573081,24.447218755164954,321,0
1024,A,950,14,75.76988419724893,0.6671508027715003,23.541826419328043,219,0
1016,C,358,23,85.18573303186041,0.5268081772466048,31.365746585021032,57,0
1012,A,991,16,77.9114430823604,0.5481265488050309,23.263952599657372,283,0
1083,C,492,18,70.83848144138551,0.28267496460925856,27.199382274534507,113,0
1024,C,975,22,79.10849204432682,0.3207769943126829,28.750484695611007,133,0
1067,B,992,22,64.69805980102059,0.3104370489743107,35.71837869702413,71,0
1009,A,1614,11,74.61859311975682,0.621091683364107,35.09226729631987,83,1
1066,B,1857,3,78.1940123359558,0.514178130564413,26.785038049405205,57,0
1017,A,1435,22,76.29317598150126,0.3207936872468824,28.936584148895392,349,0
1099,C,865,10,79.15065094935984,0.6160197683270414,22.023075499121273,271,0
1085,C,1643,10,68.55953984287208,0.6086912921908212,19.8045224337814,111,0
